"Beak depth, mm","Beak length, mm",band,species,year
8.05,9.25,20123,fortis,73
10.45,11.35,20126,fortis,73
9.55,10.15,20128,fortis,73
8.75,9.95,20129,fortis,73
10.15,11.55,20133,fortis,73
9.85,11.15,20136,fortis,73
8.85,10.05,20138,fortis,73
10.15,11.25,20142,fortis,73
8.15,9.15,20143,fortis,73
8.55,9.25,20146,fortis,73
10.65,11.75,20149,fortis,73
8.05,9.05,20150,fortis,73
9.75,11.15,20152,fortis,73
10.15,11.25,20155,fortis,73
9.85,10.45,20156,fortis,73
9.75,10.65,20157,fortis,73
8.35,10.05,20163,fortis,73
8.55,10.45,20164,fortis,73
10.25,11.45,20169,fortis,73
9.35,11.15,20172,fortis,73
10.15,10.95,20174,fortis,73
8.55,9.55,20176,fortis,73
8.85,10.65,20177,fortis,73
9.85,10.05,20178,fortis,73
10.75,11.25,20181,fortis,73
9.85,10.85,20183,fortis,73
8.45,10.05,20203,fortis,73
10.55,11.95,20206,fortis,73
8.35,9.85,20211,fortis,73
8.25,9.35,20215,fortis,73
10.95,12.05,20217,fortis,73
9.15,10.35,20218,fortis,73
8.85,10.65,20219,fortis,73
10.05,10.95,20221,fortis,73
9.55,10.25,20229,fortis,73
12.15,12.65,20230,fortis,73
9.55,10.65,20233,fortis,73
9.75,10.75,20235,fortis,73
9.25,10.15,20239,fortis,73
9.05,10.25,20243,fortis,73
8.45,10.35,20244,fortis,73
9.55,10.55,20246,fortis,73
9.95,10.95,20247,fortis,73
10.65,11.65,20249,fortis,73
7.95,9.85,20250,fortis,73
10.65,11.15,20253,fortis,73
9.15,10.05,20256,fortis,73
10.05,11.15,20258,fortis,73
9.75,10.95,20263,fortis,73
10.05,11.05,20268,fortis,73
9.65,10.65,20269,fortis,73
9.45,10.85,20271,fortis,73
10.75,11.05,20272,fortis,73
9.85,11.05,20275,fortis,73
11.15,11.55,20276,fortis,73
10.85,11.25,20277,fortis,73
8.55,10.25,20278,fortis,73
10.25,11.05,20282,fortis,73
8.35,9.95,20292,fortis,73
9.15,10.65,20296,fortis,73
9.35,9.95,20299,fortis,73
10.15,11.05,20301,fortis,73
9.75,10.75,20302,fortis,73
10.75,11.75,20306,fortis,73
9.35,10.25,20307,fortis,73
8.65,9.45,20308,fortis,73
10.35,11.85,20309,fortis,73
10.55,10.95,20310,fortis,73
9.45,10.35,20313,fortis,73
8.85,10.15,20317,fortis,73
9.45,10.45,20318,fortis,73
9.85,11.35,20320,fortis,73
9.15,9.85,20324,fortis,73
9.35,15.15,20121,scandens,73
9.75,15.05,20125,scandens,73
8.35,14.45,20135,scandens,73
9.55,14.05,20159,scandens,73
8.55,14.25,20160,scandens,73
9.85,14.65,20175,scandens,73
10.65,15.45,20182,scandens,73
9.55,15.15,20187,scandens,73
9.85,14.95,20200,scandens,73
9.75,13.65,20207,scandens,73
7.95,14.65,20220,scandens,73
9.95,15.65,20224,scandens,73
9.55,14.05,20245,scandens,73
9.15,13.85,20254,scandens,73
10.45,14.95,20259,scandens,73
9.15,13.15,20274,scandens,73
8.0,9.4,2,fortis,75
8.3,9.2,9,fortis,75
7.5,9.5,12,fortis,75
8.0,9.5,15,fortis,75
9.9,11.5,305,fortis,75
8.6,11.1,307,fortis,75
8.4,9.9,308,fortis,75
9.8,11.5,309,fortis,75
9.2,10.8,311,fortis,75
9.0,11.3,312,fortis,75
9.5,11.5,313,fortis,75
8.9,11.5,314,fortis,75
8.8,9.7,315,fortis,75
9.7,10.9,316,fortis,75
8.9,10.1,320,fortis,75
8.5,10.6,321,fortis,75
8.2,9.6,323,fortis,75
9.3,10.3,324,fortis,75
9.1,10.5,326,fortis,75
8.8,10.5,328,fortis,75
9.4,10.9,329,fortis,75
9.6,11.2,330,fortis,75
8.5,9.4,340,fortis,75
8.1,10.1,341,fortis,75
8.0,9.6,342,fortis,75
9.7,10.5,343,fortis,75
8.2,9.9,344,fortis,75
8.4,9.9,345,fortis,75
7.9,9.6,346,fortis,75
9.3,10.7,347,fortis,75
10.5,11.8,348,fortis,75
9.7,10.2,349,fortis,75
9.6,10.9,350,fortis,75
7.7,9.3,352,fortis,75
9.8,11.6,354,fortis,75
9.8,11.2,355,fortis,75
8.5,10.1,356,fortis,75
9.2,10.7,360,fortis,75
10.1,11.0,366,fortis,75
9.0,10.8,368,fortis,75
9.0,10.2,369,fortis,75
9.4,10.8,401,fortis,75
8.8,10.4,402,fortis,75
9.9,11.2,403,fortis,75
9.9,11.4,405,fortis,75
8.9,10.9,410,fortis,75
9.4,10.4,411,fortis,75
8.2,9.7,413,fortis,75
8.2,10.2,414,fortis,75
8.1,9.2,415,fortis,75
8.4,10.1,416,fortis,75
10.1,11.0,417,fortis,75
8.6,10.3,418,fortis,75
8.5,10.2,419,fortis,75
9.7,11.0,420,fortis,75
10.3,11.0,422,fortis,75
8.6,10.1,423,fortis,75
9.3,10.7,424,fortis,75
8.9,10.7,425,fortis,75
9.7,11.0,426,fortis,75
10.2,12.0,427,fortis,75
10.2,11.6,428,fortis,75
8.5,9.9,450,fortis,75
8.8,10.8,451,fortis,75
8.9,10.5,452,fortis,75
8.7,10.0,453,fortis,75
9.3,9.6,454,fortis,75
9.7,11.0,455,fortis,75
9.6,10.2,456,fortis,75
7.85,9.7,457,fortis,75
9.6,11.1,458,fortis,75
9.3,10.4,459,fortis,75
9.8,11.1,461,fortis,75
8.8,10.2,462,fortis,75
9.1,10.3,463,fortis,75
9.0,9.9,465,fortis,75
10.4,11.0,466,fortis,75
9.0,10.8,468,fortis,75
9.5,10.5,473,fortis,75
8.7,10.5,474,fortis,75
9.6,11.2,475,fortis,75
9.4,11.2,476,fortis,75
9.5,11.7,477,fortis,75
8.6,10.5,479,fortis,75
9.9,10.5,501,fortis,75
9.4,11.2,502,fortis,75
9.1,10.0,503,fortis,75
8.6,10.4,504,fortis,75
9.3,10.8,505,fortis,75
9.2,11.1,506,fortis,75
8.8,10.3,507,fortis,75
9.2,11.1,509,fortis,75
8.3,9.8,510,fortis,75
8.8,10.5,511,fortis,75
9.4,11.0,512,fortis,75
10.4,11.2,513,fortis,75
8.5,9.8,514,fortis,75
7.9,9.8,515,fortis,75
7.9,9.8,516,fortis,75
10.1,10.3,517,fortis,75
9.8,11.3,518,fortis,75
8.3,10.0,519,fortis,75
9.4,11.1,520,fortis,75
9.0,10.0,521,fortis,75
8.4,10.3,522,fortis,75
8.7,10.2,524,fortis,75
9.2,10.4,526,fortis,75
9.5,11.0,527,fortis,75
10.1,11.5,528,fortis,75
9.8,11.8,529,fortis,75
8.5,10.2,560,fortis,75
10.2,11.7,561,fortis,75
8.6,10.1,563,fortis,75
9.3,10.2,564,fortis,75
8.7,9.8,565,fortis,75
8.9,10.6,566,fortis,75
8.4,10.0,567,fortis,75
10.3,12.1,572,fortis,75
9.9,11.1,574,fortis,75
8.9,10.5,576,fortis,75
9.1,10.0,578,fortis,75
8.6,10.2,579,fortis,75
7.8,9.7,601,fortis,75
8.6,10.0,602,fortis,75
9.5,10.7,603,fortis,75
9.5,11.0,604,fortis,75
10.2,10.9,605,fortis,75
9.1,10.5,606,fortis,75
9.7,10.9,607,fortis,75
9.4,10.7,608,fortis,75
10.5,11.9,609,fortis,75
9.0,10.2,610,fortis,75
9.8,10.5,611,fortis,75
10.0,11.2,615,fortis,75
9.6,10.7,616,fortis,75
9.6,10.3,617,fortis,75
9.9,11.6,618,fortis,75
9.3,10.5,619,fortis,75
9.6,10.9,620,fortis,75
7.6,9.8,621,fortis,75
9.2,10.9,622,fortis,75
8.8,10.3,623,fortis,75
10.1,11.7,624,fortis,75
8.9,11.0,625,fortis,75
9.5,9.8,626,fortis,75
8.2,10.4,627,fortis,75
9.7,10.8,628,fortis,75
9.8,11.0,629,fortis,75
9.3,10.6,670,fortis,75
9.8,11.3,671,fortis,75
8.8,10.1,672,fortis,75
10.1,11.4,673,fortis,75
10.5,11.8,674,fortis,75
8.6,9.9,675,fortis,75
9.7,11.0,676,fortis,75
10.0,10.8,677,fortis,75
9.7,11.3,678,fortis,75
10.5,11.1,679,fortis,75
10.4,11.0,680,fortis,75
9.2,10.4,681,fortis,75
8.1,9.1,682,fortis,75
9.4,10.8,683,fortis,75
8.9,10.6,684,fortis,75
8.2,8.7,685,fortis,75
9.3,10.7,686,fortis,75
8.6,10.3,687,fortis,75
9.0,10.5,688,fortis,75
7.6,9.1,689,fortis,75
8.7,9.5,701,fortis,75
9.8,10.8,702,fortis,75
9.4,10.6,703,fortis,75
9.9,9.9,704,fortis,75
10.1,11.5,705,fortis,75
9.8,11.2,706,fortis,75
7.9,9.7,707,fortis,75
10.8,12.2,708,fortis,75
7.9,9.2,709,fortis,75
10.0,10.5,710,fortis,75
8.4,10.5,711,fortis,75
9.5,10.8,712,fortis,75
8.8,10.7,713,fortis,75
10.4,11.8,714,fortis,75
8.1,9.1,715,fortis,75
9.8,10.1,716,fortis,75
8.2,10.0,717,fortis,75
9.5,11.0,719,fortis,75
10.5,12.2,720,fortis,75
9.7,11.4,721,fortis,75
9.6,10.9,723,fortis,75
9.6,10.6,725,fortis,75
7.9,9.3,726,fortis,75
10.1,10.9,780,fortis,75
9.3,10.6,781,fortis,75
10.3,11.0,785,fortis,75
7.9,9.0,786,fortis,75
9.1,11.0,787,fortis,75
8.9,10.4,788,fortis,75
8.3,10.4,789,fortis,75
9.4,9.6,790,fortis,75
9.5,10.6,801,fortis,75
8.5,10.1,802,fortis,75
8.6,9.7,803,fortis,75
8.5,9.6,804,fortis,75
8.2,10.1,805,fortis,75
7.9,9.9,807,fortis,75
10.0,11.0,808,fortis,75
9.4,10.9,809,fortis,75
8.0,9.7,810,fortis,75
8.6,10.0,811,fortis,75
9.0,10.4,812,fortis,75
9.9,11.6,813,fortis,75
8.0,9.6,814,fortis,75
9.6,10.8,815,fortis,75
9.2,10.9,817,fortis,75
9.0,10.2,818,fortis,75
9.2,10.4,819,fortis,75
9.5,11.0,820,fortis,75
9.2,10.7,821,fortis,75
9.7,11.1,822,fortis,75
9.1,10.8,823,fortis,75
9.4,10.9,824,fortis,75
8.6,9.9,825,fortis,75
9.8,11.8,826,fortis,75
8.0,9.7,827,fortis,75
10.4,11.9,828,fortis,75
8.1,9.6,829,fortis,75
9.9,10.9,830,fortis,75
8.6,10.2,831,fortis,75
8.0,9.9,891,fortis,75
9.0,11.3,892,fortis,75
9.7,10.9,893,fortis,75
8.1,9.8,894,fortis,75
8.8,10.3,895,fortis,75
7.5,8.8,896,fortis,75
10.2,11.6,897,fortis,75
8.2,9.9,898,fortis,75
8.6,9.9,899,fortis,75
8.7,9.9,900,fortis,75
8.6,10.4,902,fortis,75
9.9,11.2,903,fortis,75
9.5,10.8,904,fortis,75
8.4,9.9,905,fortis,75
8.7,9.9,906,fortis,75
8.2,10.2,907,fortis,75
9.2,10.4,908,fortis,75
8.2,9.4,909,fortis,75
9.2,10.2,910,fortis,75
9.3,11.0,911,fortis,75
8.9,10.6,912,fortis,75
9.0,10.5,913,fortis,75
9.1,10.4,914,fortis,75
8.8,10.2,915,fortis,75
8.8,10.2,917,fortis,75
9.6,11.0,919,fortis,75
10.2,11.1,921,fortis,75
8.2,9.7,922,fortis,75
8.9,10.5,923,fortis,75
9.0,10.9,924,fortis,75
8.8,10.7,925,fortis,75
9.9,11.0,926,fortis,75
9.3,10.9,927,fortis,75
9.9,11.2,928,fortis,75
9.5,11.5,929,fortis,75
10.0,10.8,930,fortis,75
8.9,10.2,931,fortis,75
9.8,11.0,932,fortis,75
9.9,10.9,933,fortis,75
8.7,10.5,934,fortis,75
9.2,10.8,936,fortis,75
8.2,9.8,941,fortis,75
7.9,9.7,942,fortis,75
9.1,10.3,943,fortis,75
8.3,10.3,944,fortis,75
10.8,11.6,945,fortis,75
9.9,10.9,951,fortis,75
9.0,10.6,952,fortis,75
9.3,11.5,954,fortis,75
9.6,10.8,991,fortis,75
9.3,10.83,1040,fortis,75
10.2,11.73,1368,fortis,75
8.6,10.23,1420,fortis,75
10.98,11.83,1433,fortis,75
10.28,11.43,1560,fortis,75
9.6,10.73,1581,fortis,75
9.28,10.33,1770,fortis,75
9.5,10.23,1857,fortis,75
9.4,11.53,1860,fortis,75
9.15,11.03,1884,fortis,75
9.8,11.73,2102,fortis,75
9.35,10.53,2105,fortis,75
8.5,9.93,2220,fortis,75
10.5,11.23,2381,fortis,75
8.5,9.83,2482,fortis,75
8.31,9.63,2939,fortis,75
9.9,10.6,2955,fortis,75
10.36,11.88,2974,fortis,75
10.28,11.03,3642,fortis,75
8.9,10.73,8016,fortis,75
8.7,10.13,8020,fortis,75
9.15,10.15,20139,fortis,75
10.35,10.85,20165,fortis,75
8.85,10.95,20166,fortis,75
8.55,9.85,20168,fortis,75
8.95,10.25,20204,fortis,75
10.75,11.75,20238,fortis,75
10.05,10.95,20267,fortis,75
10.15,10.95,20273,fortis,75
8.45,10.55,20283,fortis,75
8.85,9.65,20285,fortis,75
10.25,11.45,20286,fortis,75
9.75,10.25,20293,fortis,75
8.95,10.05,20298,fortis,75
8.4,13.9,302,scandens,75
8.8,14.0,304,scandens,75
8.4,12.9,306,scandens,75
8.0,13.5,310,scandens,75
7.9,12.9,317,scandens,75
8.9,14.6,318,scandens,75
8.6,13.0,319,scandens,75
8.5,14.2,322,scandens,75
8.9,14.0,325,scandens,75
9.1,14.2,327,scandens,75
8.6,13.1,351,scandens,75
9.8,15.1,353,scandens,75
8.2,13.5,357,scandens,75
9.0,14.4,358,scandens,75
9.7,14.9,359,scandens,75
8.6,12.9,361,scandens,75
8.2,13.0,362,scandens,75
9.0,14.9,363,scandens,75
8.4,14.0,364,scandens,75
8.6,13.8,365,scandens,75
8.9,13.0,367,scandens,75
9.1,14.75,404,scandens,75
8.3,13.7,406,scandens,75
8.7,13.8,407,scandens,75
9.6,14.0,408,scandens,75
8.5,14.6,409,scandens,75
9.1,15.2,412,scandens,75
9.0,13.5,421,scandens,75
9.2,15.1,429,scandens,75
9.9,15.0,460,scandens,75
8.6,12.8,464,scandens,75
9.2,14.9,467,scandens,75
8.4,15.3,469,scandens,75
8.9,13.4,470,scandens,75
8.5,14.2,471,scandens,75
10.4,15.1,472,scandens,75
9.6,15.1,478,scandens,75
9.1,14.0,508,scandens,75
9.3,13.6,523,scandens,75
9.3,14.0,525,scandens,75
8.8,14.0,562,scandens,75
8.3,13.9,568,scandens,75
8.8,14.0,569,scandens,75
9.1,14.9,570,scandens,75
10.1,15.6,571,scandens,75
8.9,13.8,573,scandens,75
9.2,14.4,575,scandens,75
8.5,12.8,577,scandens,75
10.2,14.2,612,scandens,75
10.1,13.4,613,scandens,75
9.2,14.0,614,scandens,75
9.7,14.8,718,scandens,75
9.1,14.2,722,scandens,75
8.5,13.5,724,scandens,75
8.2,13.4,727,scandens,75
9.0,14.6,728,scandens,75
9.3,13.5,729,scandens,75
8.0,13.7,782,scandens,75
9.1,13.9,783,scandens,75
8.1,13.1,784,scandens,75
8.3,13.4,806,scandens,75
8.7,13.8,816,scandens,75
8.8,13.6,890,scandens,75
8.6,14.0,901,scandens,75
8.7,13.5,916,scandens,75
8.0,12.8,918,scandens,75
8.8,14.0,920,scandens,75
9.0,13.4,935,scandens,75
9.1,14.9,953,scandens,75
9.74,15.54,1014,scandens,75
9.1,14.63,1642,scandens,75
9.8,14.73,1748,scandens,75
10.4,15.73,1841,scandens,75
8.3,14.83,1842,scandens,75
9.44,15.94,2084,scandens,75
9.04,15.14,2397,scandens,75
9.0,14.23,8110,scandens,75
9.05,14.15,20122,scandens,75
9.65,14.35,20151,scandens,75
9.45,14.95,20188,scandens,75
8.65,13.95,20210,scandens,75
9.45,14.05,20223,scandens,75
9.45,14.55,20225,scandens,75
9.05,14.05,20252,scandens,75
8.75,14.45,20255,scandens,75
9.45,15.05,20266,scandens,75
8.35,13.25,20279,scandens,75
7.0,9.1,14613,fortis,87
7.12,9.14,15487,fortis,87
7.21,9.24,15187,fortis,87
7.3,9.2,15284,fortis,87
7.32,8.83,14983,fortis,87
7.41,9.14,14913,fortis,87
7.42,9.04,15726,fortis,87
7.43,10.56,15821,fortis,87
7.45,9.7,15484,fortis,87
7.5,9.25,4968,fortis,87
7.5,9.5,15695,fortis,87
7.51,9.34,15272,fortis,87
7.51,9.64,15256,fortis,87
7.64,9.04,13907,fortis,87
7.65,9.8,5578,fortis,87
7.68,9.28,10376,fortis,87
7.7,9.5,13377,fortis,87
7.8,10.8,15225,fortis,87
7.81,9.24,15914,fortis,87
7.81,10.24,14760,fortis,87
7.86,9.74,15779,fortis,87
7.9,9.2,13901,fortis,87
7.9,9.95,15277,fortis,87
7.92,9.34,15285,fortis,87
7.92,9.35,13194,fortis,87
7.92,10.1,14967,fortis,87
7.93,9.96,14800,fortis,87
7.95,9.27,14612,fortis,87
7.95,9.4,15154,fortis,87
7.96,9.68,14123,fortis,87
7.97,10.19,15368,fortis,87
8.0,10.0,15873,fortis,87
8.0,10.25,16027,fortis,87
8.0,11.3,15353,fortis,87
8.02,9.83,14265,fortis,87
8.02,11.04,15014,fortis,87
8.03,10.16,14969,fortis,87
8.03,10.74,5627,fortis,87
8.06,10.19,15973,fortis,87
8.09,9.46,13468,fortis,87
8.1,9.5,15214,fortis,87
8.1,9.7,14978,fortis,87
8.1,10.0,15909,fortis,87
8.1,10.05,13996,fortis,87
8.1,10.3,13543,fortis,87
8.1,10.5,14634,fortis,87
8.11,9.94,15804,fortis,87
8.11,10.04,15493,fortis,87
8.11,10.24,15363,fortis,87
8.2,9.2,15286,fortis,87
8.2,9.3,15019,fortis,87
8.21,10.04,16112,fortis,87
8.21,10.34,15270,fortis,87
8.21,10.34,15874,fortis,87
8.22,10.04,16007,fortis,87
8.23,9.86,14860,fortis,87
8.24,9.73,10313,fortis,87
8.25,9.45,15490,fortis,87
8.25,10.0,15106,fortis,87
8.27,9.78,13539,fortis,87
8.28,9.64,14912,fortis,87
8.3,9.8,13244,fortis,87
8.3,10.0,14822,fortis,87
8.3,10.0,14909,fortis,87
8.3,10.8,15944,fortis,87
8.31,9.64,16170,fortis,87
8.31,10.14,15477,fortis,87
8.31,10.24,15111,fortis,87
8.31,10.74,14686,fortis,87
8.31,10.74,15915,fortis,87
8.31,11.14,15759,fortis,87
8.31,11.24,15850,fortis,87
8.32,9.84,15977,fortis,87
8.33,9.86,14632,fortis,87
8.33,9.96,14982,fortis,87
8.34,10.57,13306,fortis,87
8.35,10.0,13351,fortis,87
8.35,10.95,15288,fortis,87
8.36,9.89,15079,fortis,87
8.36,9.99,15402,fortis,87
8.4,9.1,15248,fortis,87
8.4,9.8,13881,fortis,87
8.4,9.85,15879,fortis,87
8.4,10.0,4830,fortis,87
8.4,10.0,15679,fortis,87
8.4,10.0,15806,fortis,87
8.4,10.18,5887,fortis,87
8.4,10.4,15845,fortis,87
8.4,10.9,14890,fortis,87
8.41,10.04,15875,fortis,87
8.41,10.14,15381,fortis,87
8.41,10.24,15382,fortis,87
8.41,10.54,15453,fortis,87
8.42,9.04,5555,fortis,87
8.42,9.24,15127,fortis,87
8.43,10.06,14628,fortis,87
8.43,10.26,15379,fortis,87
8.45,10.2,14939,fortis,87
8.45,10.93,10100,fortis,87
8.47,10.64,16172,fortis,87
8.47,10.74,15188,fortis,87
8.5,9.4,14611,fortis,87
8.5,9.55,14025,fortis,87
8.5,9.8,14970,fortis,87
8.5,9.83,15970,fortis,87
8.5,10.0,10760,fortis,87
8.5,10.0,15706,fortis,87
8.5,10.3,14762,fortis,87
8.5,10.6,15829,fortis,87
8.5,11.5,14743,fortis,87
8.51,10.24,15933,fortis,87
8.51,10.5,14836,fortis,87
8.51,10.84,15940,fortis,87
8.52,9.94,15995,fortis,87
8.53,10.36,14704,fortis,87
8.55,9.8,5685,fortis,87
8.56,10.09,14833,fortis,87
8.6,9.8,1536,fortis,87
8.6,9.9,15163,fortis,87
8.6,10.0,5556,fortis,87
8.6,10.0,14902,fortis,87
8.6,10.0,15342,fortis,87
8.6,10.1,14894,fortis,87
8.6,11.3,15761,fortis,87
8.6,12.0,5628,fortis,87
8.61,10.14,15497,fortis,87
8.61,10.34,14932,fortis,87
8.61,10.34,15374,fortis,87
8.61,10.54,15175,fortis,87
8.61,10.54,15724,fortis,87
8.61,10.94,15680,fortis,87
8.61,11.04,14827,fortis,87
8.61,11.14,15296,fortis,87
8.61,11.14,15711,fortis,87
8.61,11.24,10066,fortis,87
8.61,12.14,15322,fortis,87
8.62,9.94,15262,fortis,87
8.62,9.95,14840,fortis,87
8.62,10.05,4229,fortis,87
8.62,10.35,13195,fortis,87
8.63,10.86,14829,fortis,87
8.64,10.18,13994,fortis,87
8.65,9.45,15464,fortis,87
8.66,10.19,15865,fortis,87
8.66,10.84,14831,fortis,87
8.7,9.4,13269,fortis,87
8.7,9.5,15184,fortis,87
8.7,9.8,14096,fortis,87
8.7,9.85,15245,fortis,87
8.7,10.0,15143,fortis,87
8.7,10.1,15712,fortis,87
8.7,10.4,4715,fortis,87
8.7,10.45,14832,fortis,87
8.7,10.57,15757,fortis,87
8.7,10.8,14694,fortis,87
8.7,10.9,15388,fortis,87
8.7,11.4,15224,fortis,87
8.71,9.64,15018,fortis,87
8.71,10.04,15981,fortis,87
8.71,10.24,15228,fortis,87
8.71,10.44,15663,fortis,87
8.71,10.54,15983,fortis,87
8.71,10.64,10198,fortis,87
8.71,10.84,15657,fortis,87
8.71,10.94,15990,fortis,87
8.71,11.14,15123,fortis,87
8.71,11.14,15855,fortis,87
8.71,11.29,15005,fortis,87
8.71,11.79,15617,fortis,87
8.72,9.84,14880,fortis,87
8.72,11.15,14742,fortis,87
8.73,9.76,15080,fortis,87
8.73,10.06,15273,fortis,87
8.73,10.87,4859,fortis,87
8.73,11.86,14767,fortis,87
8.74,10.83,5602,fortis,87
8.76,10.39,15978,fortis,87
8.76,10.64,15246,fortis,87
8.77,9.7,15264,fortis,87
8.77,10.09,14867,fortis,87
8.77,10.67,13687,fortis,87
8.77,10.95,15306,fortis,87
8.79,9.96,10347,fortis,87
8.8,9.7,15420,fortis,87
8.8,9.97,16016,fortis,87
8.8,10.1,14042,fortis,87
8.8,10.37,14797,fortis,87
8.8,10.9,14761,fortis,87
8.8,10.9,14858,fortis,87
8.8,11.1,2749,fortis,87
8.8,11.15,15244,fortis,87
8.8,11.8,5872,fortis,87
8.81,10.14,14680,fortis,87
8.81,10.19,14763,fortis,87
8.81,10.24,14892,fortis,87
8.81,10.24,15176,fortis,87
8.81,10.54,14795,fortis,87
8.81,10.54,15040,fortis,87
8.81,10.54,15733,fortis,87
8.81,10.74,15367,fortis,87
8.81,11.24,14535,fortis,87
8.81,11.24,15268,fortis,87
8.82,10.05,15883,fortis,87
8.82,10.24,15220,fortis,87
8.82,10.94,15430,fortis,87
8.86,10.59,15404,fortis,87
8.87,9.9,14841,fortis,87
8.87,10.04,15313,fortis,87
8.87,10.35,14868,fortis,87
8.87,11.2,13385,fortis,87
8.88,11.8,15301,fortis,87
8.89,11.1,5626,fortis,87
8.9,10.0,14928,fortis,87
8.9,10.1,5965,fortis,87
8.9,10.1,15182,fortis,87
8.9,10.13,16162,fortis,87
8.9,10.2,13582,fortis,87
8.9,10.33,14811,fortis,87
8.9,10.4,5669,fortis,87
8.9,10.4,10703,fortis,87
8.9,10.7,14684,fortis,87
8.9,10.7,14809,fortis,87
8.9,10.9,10548,fortis,87
8.9,10.9,15387,fortis,87
8.9,11.1,5721,fortis,87
8.9,11.6,14808,fortis,87
8.9,11.6,15223,fortis,87
8.9,11.8,15795,fortis,87
8.91,10.44,15274,fortis,87
8.91,10.54,14664,fortis,87
8.91,10.64,15854,fortis,87
8.91,10.74,15941,fortis,87
8.91,10.76,14258,fortis,87
8.91,10.79,15852,fortis,87
8.91,10.84,15132,fortis,87
8.91,11.04,15659,fortis,87
8.91,11.29,15431,fortis,87
8.91,11.84,15378,fortis,87
8.92,10.04,14749,fortis,87
8.92,11.1,14533,fortis,87
8.92,11.2,15348,fortis,87
8.93,10.76,14636,fortis,87
8.93,10.76,14671,fortis,87
8.93,11.0,13575,fortis,87
8.93,11.46,14685,fortis,87
8.95,10.3,2639,fortis,87
8.95,10.9,14478,fortis,87
8.96,9.94,14681,fortis,87
8.96,10.24,15630,fortis,87
8.96,10.99,15229,fortis,87
8.97,10.47,15337,fortis,87
8.97,10.7,15332,fortis,87
8.97,12.21,5330,fortis,87
8.98,10.35,14403,fortis,87
8.98,10.52,15232,fortis,87
9.0,10.0,5554,fortis,87
9.0,10.3,15054,fortis,87
9.0,10.6,15157,fortis,87
9.0,10.75,15488,fortis,87
9.0,10.8,15241,fortis,87
9.0,11.0,14915,fortis,87
9.0,12.0,14788,fortis,87
9.01,10.04,14846,fortis,87
9.01,10.24,15631,fortis,87
9.01,10.24,15715,fortis,87
9.01,10.34,15496,fortis,87
9.01,10.34,15758,fortis,87
9.01,10.64,15791,fortis,87
9.01,11.24,15311,fortis,87
9.01,11.54,15684,fortis,87
9.01,11.54,15785,fortis,87
9.02,10.74,15465,fortis,87
9.02,11.04,14712,fortis,87
9.03,10.1,15230,fortis,87
9.03,10.76,15318,fortis,87
9.04,10.04,14356,fortis,87
9.04,10.27,5389,fortis,87
9.04,10.87,10232,fortis,87
9.05,10.0,4936,fortis,87
9.05,10.35,5587,fortis,87
9.06,11.04,14741,fortis,87
9.07,9.98,13486,fortis,87
9.07,10.03,13579,fortis,87
9.07,10.49,15822,fortis,87
9.07,10.5,15412,fortis,87
9.07,10.57,15153,fortis,87
9.07,10.8,15055,fortis,87
9.07,11.34,14669,fortis,87
9.07,11.69,15863,fortis,87
9.08,10.98,10102,fortis,87
9.08,11.51,14883,fortis,87
9.09,9.66,13522,fortis,87
9.09,10.46,10685,fortis,87
9.1,9.7,14872,fortis,87
9.1,10.5,15333,fortis,87
9.1,10.6,14765,fortis,87
9.1,10.83,15389,fortis,87
9.1,10.9,13932,fortis,87
9.1,11.3,13365,fortis,87
9.1,11.4,15066,fortis,87
9.1,12.0,14723,fortis,87
9.11,10.24,14659,fortis,87
9.11,10.24,16111,fortis,87
9.11,10.34,15011,fortis,87
9.11,10.35,15047,fortis,87
9.11,10.89,15781,fortis,87
9.11,10.9,14826,fortis,87
9.11,11.04,15499,fortis,87
9.11,11.09,15065,fortis,87
9.11,11.14,15832,fortis,87
9.11,11.14,15934,fortis,87
9.11,11.34,14784,fortis,87
9.11,11.34,15611,fortis,87
9.11,11.54,15325,fortis,87
9.12,10.54,14672,fortis,87
9.12,10.63,14347,fortis,87
9.12,10.85,15105,fortis,87
9.12,10.85,15233,fortis,87
9.12,10.95,14838,fortis,87
9.12,11.04,15359,fortis,87
9.12,11.25,5828,fortis,87
9.12,11.25,14824,fortis,87
9.13,10.46,15048,fortis,87
9.13,11.96,15321,fortis,87
9.14,10.49,5817,fortis,87
9.14,10.73,13690,fortis,87
9.14,11.07,5507,fortis,87
9.15,10.45,5858,fortis,87
9.15,10.65,16089,fortis,87
9.15,10.71,5718,fortis,87
9.15,11.2,15408,fortis,87
9.15,11.25,14692,fortis,87
9.17,10.37,15027,fortis,87
9.17,10.72,14518,fortis,87
9.19,12.22,13389,fortis,87
9.2,9.5,14871,fortis,87
9.2,10.0,14041,fortis,87
9.2,10.2,15126,fortis,87
9.2,10.4,15369,fortis,87
9.2,10.55,5826,fortis,87
9.2,10.6,14100,fortis,87
9.2,10.6,15125,fortis,87
9.2,10.7,5927,fortis,87
9.2,10.7,10213,fortis,87
9.2,10.7,14062,fortis,87
9.2,10.7,14879,fortis,87
9.2,10.75,14854,fortis,87
9.2,10.8,15056,fortis,87
9.2,10.9,14652,fortis,87
9.2,10.9,15450,fortis,87
9.2,10.9,15601,fortis,87
9.2,11.0,10023,fortis,87
9.2,11.3,14921,fortis,87
9.2,11.9,15926,fortis,87
9.21,10.24,15151,fortis,87
9.21,10.39,15263,fortis,87
9.21,10.63,2833,fortis,87
9.21,10.84,15707,fortis,87
9.21,11.14,15454,fortis,87
9.21,11.24,15409,fortis,87
9.21,11.24,15985,fortis,87
9.21,11.34,15215,fortis,87
9.21,11.34,15261,fortis,87
9.21,12.14,15903,fortis,87
9.22,11.03,5725,fortis,87
9.22,11.04,15772,fortis,87
9.22,11.2,14605,fortis,87
9.23,11.06,14696,fortis,87
9.23,11.16,14701,fortis,87
9.24,10.21,2737,fortis,87
9.24,10.97,14124,fortis,87
9.24,11.83,13708,fortis,87
9.25,10.9,14732,fortis,87
9.25,11.0,15710,fortis,87
9.25,11.0,15727,fortis,87
9.27,10.5,14679,fortis,87
9.27,10.63,15396,fortis,87
9.27,10.85,14956,fortis,87
9.27,11.45,15373,fortis,87
9.3,10.1,14901,fortis,87
9.3,10.3,15247,fortis,87
9.3,10.4,2738,fortis,87
9.3,10.5,14279,fortis,87
9.3,10.6,15399,fortis,87
9.3,10.9,15130,fortis,87
9.3,10.9,15174,fortis,87
9.3,11.0,10183,fortis,87
9.3,11.0,14471,fortis,87
9.3,11.15,15289,fortis,87
9.3,11.15,15428,fortis,87
9.3,11.3,2537,fortis,87
9.3,12.81,2666,fortis,87
9.31,10.09,14896,fortis,87
9.31,10.84,15971,fortis,87
9.31,10.94,15189,fortis,87
9.31,11.04,15500,fortis,87
9.31,11.04,15820,fortis,87
9.31,11.14,15474,fortis,87
9.31,11.14,15938,fortis,87
9.31,11.14,15987,fortis,87
9.31,11.24,15463,fortis,87
9.31,11.24,15746,fortis,87
9.31,11.24,15801,fortis,87
9.31,11.34,15739,fortis,87
9.32,10.95,14643,fortis,87
9.33,10.66,15310,fortis,87
9.33,10.96,14770,fortis,87
9.33,10.96,14792,fortis,87
9.33,11.56,15191,fortis,87
9.35,10.4,14744,fortis,87
9.35,10.6,15950,fortis,87
9.35,10.75,15788,fortis,87
9.35,10.9,15376,fortis,87
9.37,10.73,10716,fortis,87
9.37,11.2,15155,fortis,87
9.4,9.9,14874,fortis,87
9.4,10.0,15326,fortis,87
9.4,10.2,14629,fortis,87
9.4,10.4,15238,fortis,87
9.4,10.5,14705,fortis,87
9.4,11.1,15838,fortis,87
9.4,11.2,10826,fortis,87
9.4,11.3,14171,fortis,87
9.4,11.8,15346,fortis,87
9.41,10.34,15426,fortis,87
9.41,11.24,15633,fortis,87
9.41,11.44,15709,fortis,87
9.41,11.54,15904,fortis,87
9.41,12.04,15323,fortis,87
9.42,10.94,15152,fortis,87
9.42,11.1,15605,fortis,87
9.42,11.67,14546,fortis,87
9.42,13.57,14923,fortis,87
9.43,10.61,15129,fortis,87
9.43,10.66,15165,fortis,87
9.43,10.96,14641,fortis,87
9.43,10.96,14794,fortis,87
9.43,11.21,13409,fortis,87
9.43,11.55,15110,fortis,87
9.43,11.96,14884,fortis,87
9.44,10.67,10330,fortis,87
9.44,10.8,2658,fortis,87
9.44,11.3,13552,fortis,87
9.45,10.8,15482,fortis,87
9.45,11.0,14900,fortis,87
9.45,11.51,5635,fortis,87
9.45,11.6,15929,fortis,87
9.47,10.67,13704,fortis,87
9.47,10.77,14766,fortis,87
9.47,11.3,14940,fortis,87
9.47,11.55,15308,fortis,87
9.47,11.6,14823,fortis,87
9.47,12.15,14722,fortis,87
9.5,10.4,15613,fortis,87
9.5,10.5,13644,fortis,87
9.5,10.5,15360,fortis,87
9.5,10.5,15939,fortis,87
9.5,10.5,16168,fortis,87
9.5,10.8,15395,fortis,87
9.5,10.8,15885,fortis,87
9.5,10.9,10081,fortis,87
9.5,10.9,15648,fortis,87
9.5,10.9,15734,fortis,87
9.5,11.0,15398,fortis,87
9.5,11.1,10670,fortis,87
9.5,11.1,15041,fortis,87
9.5,11.15,2862,fortis,87
9.5,11.2,14675,fortis,87
9.5,11.5,14687,fortis,87
9.5,11.8,14957,fortis,87
9.5,12.9,15447,fortis,87
9.51,11.04,15042,fortis,87
9.51,11.14,15028,fortis,87
9.51,11.14,15642,fortis,87
9.51,11.24,15329,fortis,87
9.51,11.24,15660,fortis,87
9.51,11.24,15714,fortis,87
9.51,11.64,15767,fortis,87
9.51,11.84,15316,fortis,87
9.52,10.7,14948,fortis,87
9.52,11.2,14621,fortis,87
9.52,12.0,14720,fortis,87
9.53,11.36,14937,fortis,87
9.53,11.86,15131,fortis,87
9.53,12.16,15616,fortis,87
9.55,10.85,15840,fortis,87
9.55,11.0,14893,fortis,87
9.56,11.29,14958,fortis,87
9.57,11.0,14676,fortis,87
9.57,11.94,14839,fortis,87
9.57,12.25,15370,fortis,87
9.59,11.96,5335,fortis,87
9.6,10.0,10751,fortis,87
9.6,10.4,14713,fortis,87
9.6,10.7,14615,fortis,87
9.6,10.7,14825,fortis,87
9.6,10.8,14040,fortis,87
9.6,10.8,16117,fortis,87
9.6,10.85,13075,fortis,87
9.6,10.9,15339,fortis,87
9.6,11.0,2847,fortis,87
9.6,11.1,14916,fortis,87
9.6,11.15,15390,fortis,87
9.6,11.17,4843,fortis,87
9.6,11.2,14492,fortis,87
9.6,11.3,5560,fortis,87
9.6,11.5,14678,fortis,87
9.6,11.7,14866,fortis,87
9.6,11.9,15612,fortis,87
9.6,12.1,15158,fortis,87
9.61,9.14,14793,fortis,87
9.61,11.02,10194,fortis,87
9.61,11.04,15949,fortis,87
9.61,11.24,15475,fortis,87
9.61,11.24,15722,fortis,87
9.61,11.44,15210,fortis,87
9.61,11.44,15839,fortis,87
9.61,11.44,15908,fortis,87
9.61,11.54,15049,fortis,87
9.61,11.54,15764,fortis,87
9.62,10.84,15667,fortis,87
9.63,10.5,15004,fortis,87
9.63,10.86,15293,fortis,87
9.63,11.06,14774,fortis,87
9.63,11.15,14842,fortis,87
9.63,11.26,15969,fortis,87
9.63,11.36,14790,fortis,87
9.63,12.16,14887,fortis,87
9.65,11.6,14677,fortis,87
9.65,11.65,14710,fortis,87
9.66,10.64,4378,fortis,87
9.67,10.2,5586,fortis,87
9.67,11.04,15197,fortis,87
9.69,11.88,10550,fortis,87
9.7,10.3,14917,fortis,87
9.7,10.7,14816,fortis,87
9.7,10.87,4899,fortis,87
9.7,11.0,4911,fortis,87
9.7,11.0,15196,fortis,87
9.7,11.0,15607,fortis,87
9.7,11.13,16173,fortis,87
9.7,11.2,14751,fortis,87
9.7,11.2,15113,fortis,87
9.7,11.3,14688,fortis,87
9.7,11.4,13807,fortis,87
9.7,11.4,15001,fortis,87
9.71,11.04,15239,fortis,87
9.71,11.14,15212,fortis,87
9.71,11.14,15753,fortis,87
9.71,11.24,10228,fortis,87
9.71,11.24,15644,fortis,87
9.71,11.29,14609,fortis,87
9.72,10.34,15655,fortis,87
9.72,11.14,14617,fortis,87
9.72,11.58,13837,fortis,87
9.72,11.84,15172,fortis,87
9.72,12.44,14670,fortis,87
9.73,10.96,14736,fortis,87
9.73,11.46,15012,fortis,87
9.73,11.67,14807,fortis,87
9.74,10.43,13945,fortis,87
9.74,10.73,14412,fortis,87
9.74,10.94,3569,fortis,87
9.76,11.94,15857,fortis,87
9.77,11.1,15478,fortis,87
9.77,12.05,15930,fortis,87
9.78,10.81,14739,fortis,87
9.78,11.29,14633,fortis,87
9.8,10.5,14674,fortis,87
9.8,10.7,13201,fortis,87
9.8,10.9,5026,fortis,87
9.8,10.9,15193,fortis,87
9.8,11.0,14746,fortis,87
9.8,11.0,14963,fortis,87
9.8,11.0,14971,fortis,87
9.8,11.1,15385,fortis,87
9.8,11.2,15015,fortis,87
9.8,11.4,5505,fortis,87
9.8,11.6,15621,fortis,87
9.8,11.7,14987,fortis,87
9.8,11.8,14820,fortis,87
9.8,11.8,14889,fortis,87
9.8,11.9,5504,fortis,87
9.8,12.3,15302,fortis,87
9.81,11.19,14942,fortis,87
9.81,11.24,14856,fortis,87
9.81,11.34,14849,fortis,87
9.81,11.49,15203,fortis,87
9.81,11.64,15670,fortis,87
9.81,11.74,15371,fortis,87
9.81,11.74,15856,fortis,87
9.82,10.94,15377,fortis,87
9.82,11.04,15979,fortis,87
9.82,11.15,14796,fortis,87
9.82,11.3,15145,fortis,87
9.83,10.96,15058,fortis,87
9.83,11.16,15692,fortis,87
9.83,11.26,15033,fortis,87
9.83,12.1,15255,fortis,87
9.85,10.7,14620,fortis,87
9.85,12.3,13781,fortis,87
9.86,10.94,5625,fortis,87
9.86,11.39,14783,fortis,87
9.86,12.01,15053,fortis,87
9.87,10.94,15150,fortis,87
9.87,11.2,5921,fortis,87
9.87,11.34,15358,fortis,87
9.87,11.7,15383,fortis,87
9.88,11.86,14886,fortis,87
9.9,10.8,5570,fortis,87
9.9,11.0,13975,fortis,87
9.9,11.2,14930,fortis,87
9.9,11.3,15433,fortis,87
9.9,11.5,5400,fortis,87
9.9,11.5,15473,fortis,87
9.9,11.7,15124,fortis,87
9.9,11.8,5614,fortis,87
9.9,11.82,10305,fortis,87
9.9,11.9,15148,fortis,87
9.9,12.0,15849,fortis,87
9.91,11.14,15665,fortis,87
9.91,11.74,14955,fortis,87
9.91,11.84,14721,fortis,87
9.91,12.24,15682,fortis,87
9.92,10.95,4721,fortis,87
9.92,11.14,14660,fortis,87
9.92,11.84,15355,fortis,87
9.92,11.84,15653,fortis,87
9.92,12.05,14711,fortis,87
9.92,12.17,15281,fortis,87
9.93,11.04,4190,fortis,87
9.93,11.06,15650,fortis,87
9.93,11.16,15112,fortis,87
9.93,11.46,14974,fortis,87
9.95,11.1,10080,fortis,87
9.95,11.85,14943,fortis,87
9.96,10.67,13760,fortis,87
9.96,11.2,14689,fortis,87
10.0,10.6,14117,fortis,87
10.0,10.6,15674,fortis,87
10.0,10.9,10679,fortis,87
10.0,11.0,5963,fortis,87
10.0,11.0,14818,fortis,87
10.0,11.0,15749,fortis,87
10.0,11.1,14781,fortis,87
10.0,11.13,13231,fortis,87
10.0,11.2,14174,fortis,87
10.0,11.3,2776,fortis,87
10.0,11.3,15140,fortis,87
10.0,11.5,14745,fortis,87
10.0,11.5,15951,fortis,87
10.0,11.7,15291,fortis,87
10.0,11.9,14752,fortis,87
10.0,12.0,14772,fortis,87
10.0,12.8,15603,fortis,87
10.01,11.44,15062,fortis,87
10.01,11.94,15003,fortis,87
10.02,11.84,14961,fortis,87
10.02,11.93,14346,fortis,87
10.03,10.66,15073,fortis,87
10.05,11.55,5860,fortis,87
10.06,12.29,15681,fortis,87
10.07,11.5,14817,fortis,87
10.08,11.16,14618,fortis,87
10.09,11.06,13300,fortis,87
10.1,11.2,15183,fortis,87
10.1,11.3,13413,fortis,87
10.1,11.6,15897,fortis,87
10.1,11.7,15249,fortis,87
10.11,11.34,15199,fortis,87
10.11,11.44,15920,fortis,87
10.11,11.49,15099,fortis,87
10.11,11.74,14865,fortis,87
10.12,11.03,14333,fortis,87
10.12,11.28,5789,fortis,87
10.12,11.45,15309,fortis,87
10.12,11.84,15317,fortis,87
10.13,10.96,14895,fortis,87
10.13,11.26,14738,fortis,87
10.13,12.66,14926,fortis,87
10.13,13.96,15448,fortis,87
10.15,11.05,14812,fortis,87
10.15,11.4,5960,fortis,87
10.16,11.44,15461,fortis,87
10.17,11.02,4677,fortis,87
10.17,11.4,13595,fortis,87
10.17,11.9,14656,fortis,87
10.2,10.25,14657,fortis,87
10.2,11.0,14992,fortis,87
10.2,11.6,14777,fortis,87
10.2,12.3,15304,fortis,87
10.21,11.54,14619,fortis,87
10.21,11.54,14753,fortis,87
10.21,11.74,14650,fortis,87
10.21,11.74,15315,fortis,87
10.23,10.86,14627,fortis,87
10.23,11.96,15295,fortis,87
10.27,11.15,10658,fortis,87
10.27,11.42,4946,fortis,87
10.29,11.33,14655,fortis,87
10.3,10.8,5731,fortis,87
10.3,11.0,5559,fortis,87
10.3,11.1,15338,fortis,87
10.3,11.3,10622,fortis,87
10.3,11.4,2984,fortis,87
10.3,11.4,14851,fortis,87
10.3,11.8,5060,fortis,87
10.32,11.8,14003,fortis,87
10.32,11.83,5844,fortis,87
10.33,11.06,14805,fortis,87
10.33,11.79,3527,fortis,87
10.33,11.87,14919,fortis,87
10.33,12.27,15830,fortis,87
10.34,11.83,14468,fortis,87
10.34,11.93,5847,fortis,87
10.35,10.89,2753,fortis,87
10.35,11.6,15471,fortis,87
10.35,11.8,15609,fortis,87
10.35,12.85,15444,fortis,87
10.37,11.29,15025,fortis,87
10.4,11.6,14873,fortis,87
10.4,11.7,15101,fortis,87
10.4,11.9,15458,fortis,87
10.4,12.0,15037,fortis,87
10.4,12.0,15171,fortis,87
10.4,12.75,14925,fortis,87
10.41,12.24,15411,fortis,87
10.42,11.65,14616,fortis,87
10.43,11.76,14922,fortis,87
10.43,11.86,5905,fortis,87
10.45,11.44,4993,fortis,87
10.5,11.0,14662,fortis,87
10.5,11.1,5904,fortis,87
10.5,11.1,10181,fortis,87
10.5,11.7,15702,fortis,87
10.5,11.8,5543,fortis,87
10.5,12.2,720,fortis,87
10.51,11.54,15413,fortis,87
10.51,11.64,15392,fortis,87
10.51,11.94,15947,fortis,87
10.51,12.34,15955,fortis,87
10.52,11.0,15021,fortis,87
10.52,11.84,14625,fortis,87
10.52,11.84,14651,fortis,87
10.53,11.36,14848,fortis,87
10.53,11.46,15147,fortis,87
10.53,11.56,15980,fortis,87
10.55,10.34,4876,fortis,87
10.56,11.73,1469,fortis,87
10.57,12.25,15372,fortis,87
10.59,11.55,5649,fortis,87
10.6,11.7,3393,fortis,87
10.6,11.9,15216,fortis,87
10.61,11.54,15688,fortis,87
10.62,12.32,5821,fortis,87
10.67,11.95,14870,fortis,87
10.68,11.27,13407,fortis,87
10.7,12.3,14993,fortis,87
10.72,11.65,14663,fortis,87
10.72,12.4,14991,fortis,87
10.72,12.84,15170,fortis,87
10.73,11.76,14804,fortis,87
10.75,11.9,1774,fortis,87
10.8,10.9,14149,fortis,87
10.8,11.0,14622,fortis,87
10.8,11.6,15948,fortis,87
10.84,11.44,2536,fortis,87
10.85,11.85,14624,fortis,87
10.85,12.1,2743,fortis,87
10.88,12.73,5370,fortis,87
10.9,11.5,14706,fortis,87
10.9,11.8,15825,fortis,87
11.0,11.7,10178,fortis,87
11.0,11.85,15910,fortis,87
11.0,12.2,15976,fortis,87
11.02,13.65,14550,fortis,87
11.07,11.78,13487,fortis,87
11.1,11.7,14649,fortis,87
11.17,11.87,4986,fortis,87
11.2,12.8,15651,fortis,87
11.21,12.04,15954,fortis,87
11.38,11.46,15905,fortis,87
11.38,11.53,14442,fortis,87
11.49,11.23,14408,fortis,87
11.53,12.26,15877,fortis,87
12.37,14.07,5110,fortis,87
12.7,13.03,3597,fortis,87
7.77,10.75,15718,scandens,87
7.94,13.73,5594,scandens,87
7.96,14.04,15235,scandens,87
8.0,12.5,15252,scandens,87
8.01,12.64,15847,scandens,87
8.23,12.66,15139,scandens,87
8.3,13.0,15237,scandens,87
8.36,13.15,4045,scandens,87
8.37,13.96,8443,scandens,87
8.4,13.15,15798,scandens,87
8.4,13.7,14786,scandens,87
8.4,14.0,364,scandens,87
8.41,13.43,10001,scandens,87
8.5,14.0,15119,scandens,87
8.5,14.9,15676,scandens,87
8.6,13.6,15476,scandens,87
8.6,13.8,14576,scandens,87
8.6,14.9,15419,scandens,87
8.61,13.94,15635,scandens,87
8.67,14.81,2733,scandens,87
8.7,12.5,15751,scandens,87
8.7,13.75,14834,scandens,87
8.7,14.0,4109,scandens,87
8.7,14.5,15901,scandens,87
8.7,14.7,14830,scandens,87
8.72,14.05,15086,scandens,87
8.72,14.17,15986,scandens,87
8.77,15.07,4223,scandens,87
8.8,11.5,15725,scandens,87
8.8,13.5,13554,scandens,87
8.8,13.87,15407,scandens,87
8.8,14.9,3425,scandens,87
8.81,12.34,15704,scandens,87
8.81,14.34,15102,scandens,87
8.87,15.07,5582,scandens,87
8.88,14.01,15121,scandens,87
8.89,12.86,10770,scandens,87
8.9,13.6,14755,scandens,87
8.9,13.8,13555,scandens,87
8.9,13.85,15765,scandens,87
8.9,13.9,15243,scandens,87
8.9,14.1,8441,scandens,87
8.9,14.1,10067,scandens,87
8.9,14.2,15406,scandens,87
8.9,14.3,15234,scandens,87
8.9,14.9,15608,scandens,87
8.91,13.84,14758,scandens,87
8.91,14.09,14835,scandens,87
8.92,14.05,15882,scandens,87
8.93,14.15,14787,scandens,87
8.93,14.25,14727,scandens,87
8.95,13.6,5351,scandens,87
8.95,14.57,15859,scandens,87
8.96,11.89,15721,scandens,87
8.97,13.8,5663,scandens,87
8.97,14.21,2543,scandens,87
8.99,14.76,5013,scandens,87
9.0,12.07,10394,scandens,87
9.0,13.9,17548,scandens,87
9.0,14.1,14647,scandens,87
9.0,14.3,13548,scandens,87
9.0,14.95,5345,scandens,87
9.01,14.34,15760,scandens,87
9.02,13.84,15685,scandens,87
9.02,14.04,14731,scandens,87
9.02,14.14,14906,scandens,87
9.03,12.56,15330,scandens,87
9.04,15.14,4577,scandens,87
9.05,14.35,4744,scandens,87
9.05,14.85,10984,scandens,87
9.06,14.04,14759,scandens,87
9.1,14.2,15639,scandens,87
9.1,14.3,15090,scandens,87
9.1,14.5,4221,scandens,87
9.1,14.5,15422,scandens,87
9.1,14.6,15441,scandens,87
9.1,15.0,15736,scandens,87
9.13,13.6,4683,scandens,87
9.13,14.65,14768,scandens,87
9.14,14.03,5375,scandens,87
9.18,14.16,14843,scandens,87
9.2,13.83,2554,scandens,87
9.2,14.2,14995,scandens,87
9.2,14.35,15638,scandens,87
9.2,14.45,15837,scandens,87
9.21,14.64,10002,scandens,87
9.21,15.04,14584,scandens,87
9.22,13.9,14730,scandens,87
9.24,14.34,3458,scandens,87
9.24,14.53,5911,scandens,87
9.25,14.2,2760,scandens,87
9.25,14.85,15812,scandens,87
9.25,15.1,5367,scandens,87
9.25,15.2,10174,scandens,87
9.26,13.5,1645,scandens,87
9.26,14.95,4090,scandens,87
9.28,13.83,5576,scandens,87
9.28,13.95,14975,scandens,87
9.28,15.09,2877,scandens,87
9.3,13.43,10206,scandens,87
9.3,13.7,4778,scandens,87
9.3,14.0,5322,scandens,87
9.3,14.15,10207,scandens,87
9.3,14.75,10740,scandens,87
9.3,14.9,8450,scandens,87
9.3,15.0,10517,scandens,87
9.32,13.56,2758,scandens,87
9.33,14.26,14729,scandens,87
9.34,13.83,10743,scandens,87
9.34,14.53,13527,scandens,87
9.34,14.84,8444,scandens,87
9.35,15.0,15738,scandens,87
9.37,13.76,2445,scandens,87
9.37,13.9,5931,scandens,87
9.37,14.29,14728,scandens,87
9.37,14.63,15615,scandens,87
9.38,14.3,14646,scandens,87
9.4,13.6,13526,scandens,87
9.4,14.4,15343,scandens,87
9.4,14.9,10105,scandens,87
9.4,14.9,14645,scandens,87
9.42,14.34,2433,scandens,87
9.43,14.53,10268,scandens,87
9.45,14.65,10245,scandens,87
9.5,14.8,4706,scandens,87
9.5,16.0,14918,scandens,87
9.51,13.14,15694,scandens,87
9.51,14.44,15421,scandens,87
9.52,12.73,14208,scandens,87
9.54,15.04,1396,scandens,87
9.55,14.85,1444,scandens,87
9.6,14.2,4051,scandens,87
9.6,15.2,10061,scandens,87
9.6,16.0,4701,scandens,87
9.62,14.47,13257,scandens,87
9.64,14.54,2949,scandens,87
9.65,14.9,14946,scandens,87
9.7,14.9,5656,scandens,87
9.7,15.8,5608,scandens,87
9.73,13.46,15352,scandens,87
9.73,14.77,15817,scandens,87
9.74,14.44,4119,scandens,87
9.8,15.2,10223,scandens,87
9.8,16.0,2969,scandens,87
9.82,14.4,14648,scandens,87
9.85,14.45,15658,scandens,87
9.85,15.35,13256,scandens,87
9.9,14.2,8425,scandens,87
9.9,15.3,14524,scandens,87
9.94,14.27,10075,scandens,87
10.0,15.8,4137,scandens,87
10.1,15.3,14847,scandens,87
10.11,11.24,15886,scandens,87
10.27,15.2,14877,scandens,87
10.34,15.44,8036,scandens,87
11.33,14.96,14579,scandens,87
8.95,10.3,2639,fortis,91
9.3,12.81,2666,fortis,91
10.35,10.89,2753,fortis,91
10.0,11.3,2776,fortis,91
8.62,10.05,4229,fortis,91
10.17,11.02,4677,fortis,91
8.7,10.4,4715,fortis,91
9.7,10.87,4899,fortis,91
9.7,11.0,4911,fortis,91
9.05,10.0,4936,fortis,91
10.27,11.42,4946,fortis,91
9.8,10.9,5026,fortis,91
12.37,14.07,5110,fortis,91
10.88,12.73,5370,fortis,91
9.8,11.4,5505,fortis,91
8.42,9.04,5555,fortis,91
7.65,9.8,5578,fortis,91
9.67,10.2,5586,fortis,91
8.74,10.83,5602,fortis,91
9.86,10.94,5625,fortis,91
8.89,11.1,5626,fortis,91
8.9,10.4,5669,fortis,91
8.55,9.8,5685,fortis,91
8.9,11.1,5721,fortis,91
10.3,10.8,5731,fortis,91
10.62,12.32,5821,fortis,91
9.2,10.55,5826,fortis,91
10.05,11.55,5860,fortis,91
8.8,11.8,5872,fortis,91
8.4,10.18,5887,fortis,91
10.5,11.1,5904,fortis,91
10.43,11.86,5905,fortis,91
9.87,11.2,5921,fortis,91
9.2,10.7,5927,fortis,91
10.15,11.4,5960,fortis,91
9.5,10.9,10081,fortis,91
8.45,10.93,10100,fortis,91
9.08,10.98,10102,fortis,91
10.5,11.1,10181,fortis,91
9.2,10.7,10213,fortis,91
9.9,11.82,10305,fortis,91
7.68,9.28,10376,fortis,91
10.0,10.9,10679,fortis,91
9.4,11.2,10826,fortis,91
8.7,9.4,13269,fortis,91
10.09,11.06,13300,fortis,91
8.35,10.0,13351,fortis,91
8.87,11.2,13385,fortis,91
9.07,9.98,13486,fortis,91
8.1,10.3,13543,fortis,91
8.93,11.0,13575,fortis,91
10.17,11.4,13595,fortis,91
9.5,10.5,13644,fortis,91
8.77,10.67,13687,fortis,91
9.47,10.67,13704,fortis,91
9.72,11.58,13837,fortis,91
9.74,10.43,13945,fortis,91
9.9,11.0,13975,fortis,91
8.64,10.18,13994,fortis,91
10.32,11.8,14003,fortis,91
9.2,10.0,14041,fortis,91
9.2,10.7,14062,fortis,91
9.2,10.6,14100,fortis,91
10.0,10.6,14117,fortis,91
8.91,10.76,14258,fortis,91
9.12,10.63,14347,fortis,91
11.38,11.53,14442,fortis,91
10.34,11.83,14468,fortis,91
8.95,10.9,14478,fortis,91
9.6,11.2,14492,fortis,91
9.17,10.72,14518,fortis,91
8.92,11.1,14533,fortis,91
7.95,9.27,14612,fortis,91
7.0,9.1,14613,fortis,91
9.85,10.7,14620,fortis,91
10.85,11.85,14624,fortis,91
10.52,11.84,14625,fortis,91
9.78,11.29,14633,fortis,91
10.29,11.33,14655,fortis,91
10.17,11.9,14656,fortis,91
9.92,11.14,14660,fortis,91
9.12,10.54,14672,fortis,91
9.8,10.5,14674,fortis,91
9.57,11.0,14676,fortis,91
9.6,11.5,14678,fortis,91
8.96,9.94,14681,fortis,91
8.9,10.7,14684,fortis,91
8.31,10.74,14686,fortis,91
9.5,11.5,14687,fortis,91
9.96,11.2,14689,fortis,91
9.15,11.25,14692,fortis,91
8.7,10.8,14694,fortis,91
9.4,10.5,14705,fortis,91
10.9,11.5,14706,fortis,91
9.65,11.65,14710,fortis,91
9.52,12.0,14720,fortis,91
9.47,12.15,14722,fortis,91
9.1,12.0,14723,fortis,91
9.06,11.04,14741,fortis,91
10.0,11.5,14745,fortis,91
10.0,11.9,14752,fortis,91
8.5,10.3,14762,fortis,91
8.81,10.19,14763,fortis,91
10.2,11.6,14777,fortis,91
9.86,11.39,14783,fortis,91
9.11,11.34,14784,fortis,91
9.0,12.0,14788,fortis,91
9.82,11.15,14796,fortis,91
8.8,10.37,14797,fortis,91
8.9,11.6,14808,fortis,91
8.9,10.33,14811,fortis,91
10.15,11.05,14812,fortis,91
10.0,11.0,14818,fortis,91
8.3,10.0,14822,fortis,91
8.87,9.9,14841,fortis,91
9.01,10.04,14846,fortis,91
9.2,10.75,14854,fortis,91
9.81,11.24,14856,fortis,91
8.8,10.9,14858,fortis,91
9.6,11.7,14866,fortis,91
10.4,11.6,14873,fortis,91
9.2,10.7,14879,fortis,91
8.72,9.84,14880,fortis,91
8.4,10.9,14890,fortis,91
9.45,11.0,14900,fortis,91
9.3,10.1,14901,fortis,91
8.6,10.0,14902,fortis,91
8.3,10.0,14909,fortis,91
8.28,9.64,14912,fortis,91
7.41,9.14,14913,fortis,91
9.0,11.0,14915,fortis,91
10.33,11.87,14919,fortis,91
10.4,12.75,14925,fortis,91
9.9,11.2,14930,fortis,91
8.45,10.2,14939,fortis,91
9.91,11.74,14955,fortis,91
9.27,10.85,14956,fortis,91
9.5,11.8,14957,fortis,91
9.56,11.29,14958,fortis,91
9.8,11.0,14963,fortis,91
8.5,9.8,14970,fortis,91
9.8,11.0,14971,fortis,91
8.1,9.7,14978,fortis,91
7.32,8.83,14983,fortis,91
9.7,11.4,15001,fortis,91
9.63,10.5,15004,fortis,91
8.71,11.29,15005,fortis,91
8.02,11.04,15014,fortis,91
9.8,11.2,15015,fortis,91
8.71,9.64,15018,fortis,91
10.37,11.29,15025,fortis,91
9.17,10.37,15027,fortis,91
10.4,12.0,15037,fortis,91
9.5,11.1,15041,fortis,91
9.11,10.35,15047,fortis,91
9.61,11.54,15049,fortis,91
9.0,10.3,15054,fortis,91
9.11,11.09,15065,fortis,91
9.1,11.4,15066,fortis,91
8.36,9.89,15079,fortis,91
8.25,10.0,15106,fortis,91
8.31,10.24,15111,fortis,91
9.2,10.6,15125,fortis,91
8.42,9.24,15127,fortis,91
9.87,10.94,15150,fortis,91
9.07,10.57,15153,fortis,91
7.95,9.4,15154,fortis,91
9.6,12.1,15158,fortis,91
10.72,12.84,15170,fortis,91
9.72,11.84,15172,fortis,91
8.9,10.1,15182,fortis,91
10.1,11.2,15183,fortis,91
8.47,10.74,15188,fortis,91
9.67,11.04,15197,fortis,91
9.61,11.44,15210,fortis,91
8.82,10.24,15220,fortis,91
8.9,11.6,15223,fortis,91
7.8,10.8,15225,fortis,91
8.96,10.99,15229,fortis,91
9.03,10.1,15230,fortis,91
8.98,10.52,15232,fortis,91
9.4,10.4,15238,fortis,91
9.0,10.8,15241,fortis,91
8.8,11.15,15244,fortis,91
8.76,10.64,15246,fortis,91
9.21,11.34,15261,fortis,91
9.21,10.39,15263,fortis,91
7.9,9.95,15277,fortis,91
9.92,12.17,15281,fortis,91
7.3,9.2,15284,fortis,91
7.92,9.34,15285,fortis,91
8.2,9.2,15286,fortis,91
8.35,10.95,15288,fortis,91
9.3,11.15,15289,fortis,91
10.0,11.7,15291,fortis,91
10.12,11.45,15309,fortis,91
8.87,10.04,15313,fortis,91
10.12,11.84,15317,fortis,91
8.97,10.47,15337,fortis,91
9.6,10.9,15339,fortis,91
9.4,11.8,15346,fortis,91
9.12,11.04,15359,fortis,91
9.35,10.9,15376,fortis,91
9.87,11.7,15383,fortis,91
9.8,11.1,15385,fortis,91
9.1,10.83,15389,fortis,91
10.51,11.64,15392,fortis,91
9.27,10.63,15396,fortis,91
8.36,9.99,15402,fortis,91
9.15,11.2,15408,fortis,91
9.07,10.5,15412,fortis,91
9.3,11.15,15428,fortis,91
8.91,11.29,15431,fortis,91
10.35,12.85,15444,fortis,91
8.65,9.45,15464,fortis,91
10.35,11.6,15471,fortis,91
9.77,11.1,15478,fortis,91
7.45,9.7,15484,fortis,91
9.2,10.9,15601,fortis,91
9.7,11.0,15607,fortis,91
9.8,11.6,15621,fortis,91
9.5,10.9,15648,fortis,91
9.93,11.06,15650,fortis,91
11.2,12.8,15651,fortis,91
8.91,11.04,15659,fortis,91
9.91,11.14,15665,fortis,91
9.62,10.84,15667,fortis,91
8.4,10.0,15679,fortis,91
10.06,12.29,15681,fortis,91
7.5,9.5,15695,fortis,91
10.5,11.7,15702,fortis,91
8.5,10.0,15706,fortis,91
7.42,9.04,15726,fortis,91
9.25,11.0,15727,fortis,91
9.5,10.9,15734,fortis,91
8.7,10.57,15757,fortis,91
8.6,11.3,15761,fortis,91
7.86,9.74,15779,fortis,91
9.35,10.75,15788,fortis,91
9.07,10.49,15822,fortis,91
10.33,12.27,15830,fortis,91
9.4,11.1,15838,fortis,91
9.55,10.85,15840,fortis,91
8.4,10.4,15845,fortis,91
8.91,10.64,15854,fortis,91
9.76,11.94,15857,fortis,91
9.07,11.69,15863,fortis,91
8.0,10.0,15873,fortis,91
9.5,10.8,15885,fortis,91
10.1,11.6,15897,fortis,91
7.81,9.24,15914,fortis,91
8.31,10.74,15915,fortis,91
10.11,11.44,15920,fortis,91
9.45,11.6,15929,fortis,91
9.77,12.05,15930,fortis,91
9.11,11.14,15934,fortis,91
9.5,10.5,15939,fortis,91
8.3,10.8,15944,fortis,91
10.8,11.6,15948,fortis,91
9.35,10.6,15950,fortis,91
10.0,11.5,15951,fortis,91
8.5,9.83,15970,fortis,91
8.06,10.19,15973,fortis,91
8.32,9.84,15977,fortis,91
8.76,10.39,15978,fortis,91
9.82,11.04,15979,fortis,91
8.71,10.54,15983,fortis,91
8.52,9.94,15995,fortis,91
8.22,10.04,16007,fortis,91
8.8,9.97,16016,fortis,91
7.4,9.0,16024,fortis,91
8.0,10.25,16027,fortis,91
9.65,11.1,16028,fortis,91
8.9,10.75,16044,fortis,91
7.7,9.33,16091,fortis,91
8.4,10.5,16093,fortis,91
8.15,10.0,16095,fortis,91
8.8,10.6,16096,fortis,91
9.4,11.5,16135,fortis,91
10.6,11.6,16141,fortis,91
10.1,11.4,16143,fortis,91
10.4,11.3,16144,fortis,91
9.4,10.8,16145,fortis,91
10.1,11.2,16146,fortis,91
9.5,10.8,16148,fortis,91
9.8,11.5,16149,fortis,91
10.3,11.65,16150,fortis,91
8.0,9.7,16165,fortis,91
8.85,10.55,16167,fortis,91
9.7,11.13,16173,fortis,91
9.6,10.9,16176,fortis,91
9.25,11.05,16184,fortis,91
9.2,10.7,16190,fortis,91
9.2,10.7,16197,fortis,91
9.1,10.4,16301,fortis,91
10.2,11.3,16306,fortis,91
8.6,10.9,16309,fortis,91
9.0,11.0,16310,fortis,91
8.8,10.9,16315,fortis,91
8.1,10.8,16316,fortis,91
8.2,10.2,16317,fortis,91
9.0,10.8,16319,fortis,91
9.8,10.9,16331,fortis,91
9.1,10.2,16333,fortis,91
9.9,12.5,16336,fortis,91
9.2,11.3,16337,fortis,91
9.5,10.3,16341,fortis,91
8.5,9.4,16344,fortis,91
9.4,11.05,16356,fortis,91
9.4,10.7,16360,fortis,91
8.6,9.7,16367,fortis,91
9.0,10.6,16374,fortis,91
9.8,11.55,16378,fortis,91
9.2,11.0,16380,fortis,91
8.8,10.8,16385,fortis,91
8.27,9.53,16386,fortis,91
10.3,11.9,16387,fortis,91
9.2,10.6,16391,fortis,91
9.6,10.8,16394,fortis,91
9.8,11.05,16395,fortis,91
10.3,12.5,16396,fortis,91
9.8,12.1,16398,fortis,91
10.1,10.9,16507,fortis,91
9.3,10.7,16511,fortis,91
9.5,10.8,16514,fortis,91
10.0,12.0,16518,fortis,91
9.95,11.65,16531,fortis,91
9.0,10.6,16549,fortis,91
9.05,10.75,16550,fortis,91
9.0,11.1,16551,fortis,91
9.2,10.9,16553,fortis,91
10.4,10.9,16554,fortis,91
9.9,11.3,16559,fortis,91
9.6,11.6,16560,fortis,91
10.3,12.1,16564,fortis,91
10.0,12.1,16565,fortis,91
10.2,12.0,16566,fortis,91
10.5,11.6,16575,fortis,91
10.4,11.8,16579,fortis,91
9.3,11.3,16580,fortis,91
8.5,10.3,16583,fortis,91
7.7,9.6,16590,fortis,91
9.9,11.5,16594,fortis,91
10.3,11.9,16595,fortis,91
10.5,11.8,16596,fortis,91
8.8,10.1,16597,fortis,91
8.8,9.9,16598,fortis,91
9.85,12.1,16803,fortis,91
9.5,11.3,16805,fortis,91
7.5,9.7,16807,fortis,91
9.45,11.15,16808,fortis,91
9.1,10.65,16810,fortis,91
7.5,9.9,16811,fortis,91
8.9,10.3,16815,fortis,91
9.8,11.4,16816,fortis,91
9.7,11.7,16817,fortis,91
10.1,11.3,16818,fortis,91
9.4,11.8,16833,fortis,91
9.0,11.55,16834,fortis,91
9.9,12.3,16836,fortis,91
9.0,10.9,16840,fortis,91
8.6,10.3,16851,fortis,91
9.4,11.5,16858,fortis,91
8.65,10.4,16859,fortis,91
8.7,10.1,16861,fortis,91
9.65,11.75,16869,fortis,91
8.1,10.1,16875,fortis,91
7.8,9.55,16889,fortis,91
8.0,9.7,16891,fortis,91
8.3,10.0,16895,fortis,91
8.9,11.3,17010,fortis,91
9.3,11.0,17013,fortis,91
8.2,10.0,17014,fortis,91
9.3,10.6,17033,fortis,91
9.03,10.77,17037,fortis,91
8.3,10.0,17048,fortis,91
10.1,12.3,17057,fortis,91
10.0,10.7,17061,fortis,91
8.6,9.85,17063,fortis,91
9.1,10.8,17067,fortis,91
9.2,10.6,17070,fortis,91
8.53,10.6,17073,fortis,91
9.0,10.7,17075,fortis,91
9.6,10.4,17083,fortis,91
8.9,10.7,17095,fortis,91
9.0,10.0,17109,fortis,91
8.7,9.7,17111,fortis,91
8.6,9.7,17113,fortis,91
8.6,10.5,17114,fortis,91
9.3,10.7,17116,fortis,91
9.1,11.0,17136,fortis,91
9.9,11.0,17145,fortis,91
9.3,10.9,17160,fortis,91
8.3,10.7,17168,fortis,91
8.37,9.73,17179,fortis,91
7.9,9.0,17188,fortis,91
9.2,9.4,17301,fortis,91
8.0,8.8,17307,fortis,91
7.9,8.9,17310,fortis,91
8.7,10.8,17311,fortis,91
9.0,11.3,17315,fortis,91
9.6,10.6,17344,fortis,91
9.8,11.1,17360,fortis,91
10.2,12.0,17367,fortis,91
11.2,13.0,17369,fortis,91
8.6,10.6,17379,fortis,91
9.2,11.85,17380,fortis,91
8.5,10.9,17381,fortis,91
10.3,11.5,17384,fortis,91
9.9,11.1,17386,fortis,91
10.2,11.9,17388,fortis,91
10.0,11.7,17395,fortis,91
8.0,9.7,17403,fortis,91
10.4,11.8,17410,fortis,91
9.1,10.0,17411,fortis,91
8.7,10.13,17415,fortis,91
9.1,10.7,17416,fortis,91
8.9,10.8,17418,fortis,91
9.0,10.6,17419,fortis,91
8.3,10.7,17436,fortis,91
9.7,11.4,17439,fortis,91
9.2,11.1,17440,fortis,91
8.8,11.0,17443,fortis,91
10.0,11.47,17460,fortis,91
9.0,10.2,17461,fortis,91
9.7,11.0,17464,fortis,91
9.6,10.6,17466,fortis,91
9.5,11.7,17467,fortis,91
8.8,10.7,17468,fortis,91
7.5,9.8,17480,fortis,91
7.8,10.1,17483,fortis,91
9.0,10.9,17485,fortis,91
9.9,10.7,17490,fortis,91
8.9,10.6,17491,fortis,91
10.5,11.6,17493,fortis,91
10.7,11.9,17494,fortis,91
10.0,12.4,17496,fortis,91
9.0,11.0,17497,fortis,91
9.7,10.6,17498,fortis,91
8.9,10.0,17500,fortis,91
7.9,9.8,17503,fortis,91
8.95,10.15,17534,fortis,91
7.7,9.3,17551,fortis,91
9.8,11.8,17559,fortis,91
8.9,10.8,17568,fortis,91
9.0,9.9,17573,fortis,91
8.4,9.9,17583,fortis,91
10.4,11.5,17589,fortis,91
9.17,10.5,17603,fortis,91
9.1,11.2,17605,fortis,91
9.4,12.4,17615,fortis,91
8.2,10.1,17617,fortis,91
8.1,10.85,17618,fortis,91
8.85,10.75,17634,fortis,91
6.9,8.9,17638,fortis,91
8.9,10.0,17639,fortis,91
9.5,11.2,17641,fortis,91
8.7,11.0,17643,fortis,91
9.9,12.3,17646,fortis,91
10.2,11.6,17647,fortis,91
9.4,11.1,17648,fortis,91
10.6,11.7,17649,fortis,91
8.4,11.0,17653,fortis,91
8.6,10.8,17654,fortis,91
8.2,9.5,17656,fortis,91
8.8,10.8,17659,fortis,91
9.2,10.5,17664,fortis,91
8.1,9.5,17665,fortis,91
10.5,11.7,17666,fortis,91
9.5,11.0,17668,fortis,91
9.0,10.6,17677,fortis,91
8.8,10.5,17693,fortis,91
10.1,11.1,17696,fortis,91
9.6,10.9,17697,fortis,91
9.6,10.7,17698,fortis,91
9.5,10.8,17699,fortis,91
9.65,11.55,17717,fortis,91
9.4,10.7,17733,fortis,91
10.0,11.3,17734,fortis,91
8.8,10.6,17735,fortis,91
9.9,10.4,17738,fortis,91
8.7,10.7,17740,fortis,91
9.0,9.8,17754,fortis,91
9.7,11.6,17759,fortis,91
8.4,10.1,17768,fortis,91
9.8,11.7,17771,fortis,91
9.6,11.7,17786,fortis,91
9.8,10.8,17791,fortis,91
8.5,10.3,17797,fortis,91
8.85,10.65,17798,fortis,91
8.9,10.8,17800,fortis,91
9.2,10.7,17803,fortis,91
9.0,10.7,17907,fortis,91
8.8,10.2,17908,fortis,91
7.4,9.7,17916,fortis,91
8.7,10.4,17934,fortis,91
9.0,11.5,17936,fortis,91
9.8,11.1,17940,fortis,91
9.2,10.3,17954,fortis,91
10.0,11.5,17955,fortis,91
9.5,10.9,17964,fortis,91
8.8,9.9,17969,fortis,91
8.8,10.8,17971,fortis,91
9.0,10.1,17974,fortis,91
9.0,10.9,17983,fortis,91
9.0,11.2,17986,fortis,91
10.65,12.7,17991,fortis,91
10.5,11.8,17993,fortis,91
9.5,11.5,17999,fortis,91
9.25,14.2,2760,scandens,91
8.8,14.9,3425,scandens,91
9.26,14.95,4090,scandens,91
10.0,15.8,4137,scandens,91
8.77,15.07,4223,scandens,91
9.13,13.6,4683,scandens,91
9.5,14.8,4706,scandens,91
9.3,13.7,4778,scandens,91
8.95,13.6,5351,scandens,91
8.87,15.07,5582,scandens,91
9.7,15.8,5608,scandens,91
9.7,14.9,5656,scandens,91
8.41,13.43,10001,scandens,91
9.21,14.64,10002,scandens,91
9.6,15.2,10061,scandens,91
9.4,14.9,10105,scandens,91
9.25,15.2,10174,scandens,91
9.3,13.43,10206,scandens,91
9.8,15.2,10223,scandens,91
9.43,14.53,10268,scandens,91
9.0,12.07,10394,scandens,91
9.3,14.75,10740,scandens,91
9.85,15.35,13256,scandens,91
9.62,14.47,13257,scandens,91
9.0,14.3,13548,scandens,91
9.52,12.73,14208,scandens,91
9.9,15.3,14524,scandens,91
8.6,13.8,14576,scandens,91
9.21,15.04,14584,scandens,91
9.38,14.3,14646,scandens,91
9.37,14.29,14728,scandens,91
9.02,14.04,14731,scandens,91
8.9,13.6,14755,scandens,91
8.91,13.84,14758,scandens,91
9.06,14.04,14759,scandens,91
8.4,13.7,14786,scandens,91
8.7,14.7,14830,scandens,91
8.7,13.75,14834,scandens,91
8.91,14.09,14835,scandens,91
10.1,15.3,14847,scandens,91
10.27,15.2,14877,scandens,91
9.65,14.9,14946,scandens,91
9.28,13.95,14975,scandens,91
9.2,14.2,14995,scandens,91
7.96,14.04,15235,scandens,91
8.3,13.0,15237,scandens,91
8.9,14.2,15406,scandens,91
8.6,14.9,15419,scandens,91
9.1,14.6,15441,scandens,91
8.6,13.6,15476,scandens,91
9.37,14.63,15615,scandens,91
9.2,14.35,15638,scandens,91
9.1,14.2,15639,scandens,91
9.85,14.45,15658,scandens,91
9.02,13.84,15685,scandens,91
9.51,13.14,15694,scandens,91
8.81,12.34,15704,scandens,91
7.77,10.75,15718,scandens,91
8.96,11.89,15721,scandens,91
8.8,11.5,15725,scandens,91
9.1,15.0,15736,scandens,91
9.01,14.34,15760,scandens,91
8.9,13.85,15765,scandens,91
8.4,13.15,15798,scandens,91
9.25,14.85,15812,scandens,91
9.73,14.77,15817,scandens,91
9.2,14.45,15837,scandens,91
8.95,14.57,15859,scandens,91
8.7,14.5,15901,scandens,91
8.72,14.17,15986,scandens,91
9.6,14.3,16100,scandens,91
9.3,14.0,16109,scandens,91
10.4,14.9,16113,scandens,91
8.9,14.0,16183,scandens,91
9.3,11.8,16195,scandens,91
8.4,12.15,16568,scandens,91
8.6,12.7,16569,scandens,91
8.9,13.7,16585,scandens,91
10.1,15.0,16600,scandens,91
8.9,14.4,16873,scandens,91
8.8,12.8,17001,scandens,91
9.25,14.05,17004,scandens,91
8.6,13.3,17099,scandens,91
8.7,13.1,17140,scandens,91
8.4,12.9,17143,scandens,91
9.5,14.8,17153,scandens,91
8.65,14.15,17176,scandens,91
9.0,14.4,17305,scandens,91
9.0,14.6,17353,scandens,91
8.5,13.0,17374,scandens,91
9.75,14.6,17474,scandens,91
9.1,13.8,17475,scandens,91
9.3,13.9,17504,scandens,91
8.6,13.6,17505,scandens,91
9.0,13.9,17548,scandens,91
9.1,14.3,17658,scandens,91
8.2,14.7,17673,scandens,91
8.1,13.5,17674,scandens,91
9.4,14.0,17685,scandens,91
9.0,13.1,17764,scandens,91
8.8,12.9,17779,scandens,91
10.1,14.6,17788,scandens,91
8.8,13.3,17795,scandens,91
9.5,14.8,17901,scandens,91
8.3,11.8,17915,scandens,91
8.7,12.8,17930,scandens,91
8.6,12.6,17939,scandens,91
7.9,11.8,17947,scandens,91
8.7,10.3,17950,scandens,91
9.5,11.1,17953,scandens,91
9.0,13.7,17956,scandens,91
8.9,13.8,17963,scandens,91
8.5,10.0,19022,fortis,12
8.9,12.5,19028,fortis,12
7.5,9.3,19032,fortis,12
9.6,10.3,19041,fortis,12
9.2,11.0,19044,fortis,12
8.2,10.1,19048,fortis,12
7.8,9.6,19072,fortis,12
8.6,10.9,19082,fortis,12
8.4,10.3,19104,fortis,12
7.7,9.8,19114,fortis,12
8.0,10.1,19121,fortis,12
8.7,10.4,19126,fortis,12
8.1,9.6,19146,fortis,12
8.8,10.6,19164,fortis,12
9.4,10.6,19174,fortis,12
10.0,11.9,19203,fortis,12
9.6,11.3,19210,fortis,12
9.6,11.3,19217,fortis,12
8.1,9.7,19224,fortis,12
7.5,9.7,19226,fortis,12
8.4,10.1,19252,fortis,12
7.9,10.0,19263,fortis,12
8.3,10.0,19274,fortis,12
8.9,10.0,19280,fortis,12
9.1,11.5,19288,fortis,12
7.7,9.5,19328,fortis,12
8.3,11.2,19349,fortis,12
8.6,10.7,19362,fortis,12
8.4,10.0,19372,fortis,12
7.7,9.8,19382,fortis,12
9.1,10.9,19384,fortis,12
7.7,9.2,19392,fortis,12
9.0,10.2,19394,fortis,12
10.2,11.3,19422,fortis,12
8.1,10.3,19439,fortis,12
8.6,10.7,19461,fortis,12
8.4,10.0,19482,fortis,12
8.1,9.7,19502,fortis,12
8.0,9.9,19511,fortis,12
8.3,10.7,19536,fortis,12
10.3,11.0,19563,fortis,12
8.0,9.7,19568,fortis,12
8.8,10.5,19602,fortis,12
9.0,11.7,19604,fortis,12
9.3,10.8,19614,fortis,12
7.6,9.1,19623,fortis,12
8.2,10.9,19627,fortis,12
10.0,12.2,19642,fortis,12
8.2,10.9,19649,fortis,12
8.2,10.7,19654,fortis,12
8.3,10.4,19674,fortis,12
7.8,9.7,19682,fortis,12
8.0,10.3,19712,fortis,12
8.4,9.8,19734,fortis,12
9.3,10.6,19746,fortis,12
8.9,10.5,19749,fortis,12
9.7,12.5,19774,fortis,12
7.6,9.2,19782,fortis,12
9.0,10.1,19815,fortis,12
8.6,10.6,19820,fortis,12
8.9,11.5,19821,fortis,12
8.6,10.8,19829,fortis,12
8.8,10.5,19832,fortis,12
8.5,10.1,19835,fortis,12
9.2,10.7,19840,fortis,12
8.0,9.6,19849,fortis,12
9.4,10.7,19874,fortis,12
7.7,10.1,19878,fortis,12
8.4,10.0,19889,fortis,12
8.5,10.0,19914,fortis,12
9.0,10.4,19921,fortis,12
9.0,10.4,19922,fortis,12
9.3,11.7,19928,fortis,12
8.7,10.6,19932,fortis,12
8.1,11.5,19942,fortis,12
8.7,10.7,19946,fortis,12
7.9,10.4,19947,fortis,12
7.7,10.1,19952,fortis,12
8.4,10.8,19974,fortis,12
9.25,11.5,19993,fortis,12
8.1,11.1,19994,fortis,12
8.3,9.9,21049,fortis,12
8.5,10.5,21052,fortis,12
9.9,12.2,21080,fortis,12
8.4,10.9,21082,fortis,12
9.9,12.9,21087,fortis,12
7.2,9.7,21088,fortis,12
8.2,9.7,21089,fortis,12
8.2,10.0,21090,fortis,12
8.3,10.1,21129,fortis,12
8.4,10.2,21160,fortis,12
7.5,9.6,21161,fortis,12
8.2,9.9,21162,fortis,12
8.6,10.6,21165,fortis,12
8.2,9.8,21169,fortis,12
8.8,11.1,21191,fortis,12
8.5,10.0,21244,fortis,12
8.1,10.9,21247,fortis,12
8.3,10.0,21249,fortis,12
8.5,10.6,21258,fortis,12
8.1,10.7,21259,fortis,12
7.3,9.4,21261,fortis,12
8.0,10.1,21262,fortis,12
10.2,11.8,21265,fortis,12
11.1,12.2,21266,fortis,12
9.9,12.9,21272,fortis,12
8.7,10.1,21273,fortis,12
8.3,10.1,21276,fortis,12
7.8,9.0,21277,fortis,12
9.9,11.7,21282,fortis,12
10.3,10.9,21283,fortis,12
8.4,10.4,21287,fortis,12
8.7,12.7,21293,fortis,12
9.8,10.5,21294,fortis,12
8.7,9.6,21296,fortis,12
9.0,10.6,21298,fortis,12
7.8,10.4,21299,fortis,12
8.5,10.5,21341,fortis,12
8.2,10.1,21343,fortis,12
9.2,10.6,21349,fortis,12
9.0,10.6,22000,fortis,12
9.4,14.3,19026,scandens,12
9.5,13.7,19029,scandens,12
11.0,13.8,19094,scandens,12
8.7,12.0,19122,scandens,12
8.4,13.0,19125,scandens,12
9.1,13.0,19129,scandens,12
8.7,13.6,19172,scandens,12
10.2,12.8,19182,scandens,12
9.6,13.6,19212,scandens,12
8.85,12.95,19214,scandens,12
8.8,13.1,19244,scandens,12
9.5,13.4,19251,scandens,12
9.2,13.9,19260,scandens,12
9.0,12.3,19270,scandens,12
9.8,14.0,19278,scandens,12
9.3,12.5,19289,scandens,12
9.0,12.3,19299,scandens,12
10.2,13.9,19312,scandens,12
7.7,13.1,19326,scandens,12
9.0,12.5,19343,scandens,12
9.5,13.9,19374,scandens,12
9.4,13.7,19401,scandens,12
8.0,12.0,19406,scandens,12
8.9,14.4,19408,scandens,12
9.4,13.5,19426,scandens,12
9.5,13.8,19430,scandens,12
8.0,13.0,19433,scandens,12
10.0,14.9,19438,scandens,12
8.95,12.5,19452,scandens,12
8.2,12.3,19466,scandens,12
8.8,12.8,19469,scandens,12
9.2,13.4,19486,scandens,12
9.4,13.8,19492,scandens,12
9.5,13.5,19493,scandens,12
8.1,13.5,19494,scandens,12
9.5,13.4,19495,scandens,12
8.4,12.3,19496,scandens,12
9.3,14.35,19497,scandens,12
9.3,13.2,19510,scandens,12
9.6,13.8,19513,scandens,12
9.2,14.6,19518,scandens,12
10.0,14.3,19526,scandens,12
8.9,13.8,19527,scandens,12
10.5,13.6,19528,scandens,12
8.9,12.9,19543,scandens,12
8.6,13.0,19553,scandens,12
8.8,13.5,19554,scandens,12
9.15,13.2,19573,scandens,12
9.5,13.7,19592,scandens,12
9.1,13.1,19594,scandens,12
10.2,13.2,19597,scandens,12
8.4,12.6,19598,scandens,12
10.0,13.0,19599,scandens,12
10.2,13.9,19619,scandens,12
9.3,13.2,19622,scandens,12
10.8,15.0,19652,scandens,12
8.3,13.37,19653,scandens,12
7.8,11.4,19664,scandens,12
9.8,13.8,19692,scandens,12
7.9,13.0,19720,scandens,12
8.9,13.0,19740,scandens,12
7.7,13.1,19747,scandens,12
8.9,12.8,19766,scandens,12
9.4,13.3,19783,scandens,12
9.4,13.5,19844,scandens,12
8.5,12.4,19848,scandens,12
8.5,13.1,19852,scandens,12
9.6,14.0,19854,scandens,12
10.2,13.5,19855,scandens,12
8.8,11.8,19868,scandens,12
9.5,13.7,19882,scandens,12
9.3,13.2,19900,scandens,12
9.0,12.2,19910,scandens,12
9.2,13.0,19936,scandens,12
8.7,13.1,19940,scandens,12
9.0,14.7,19941,scandens,12
9.1,13.7,19951,scandens,12
8.7,13.5,19955,scandens,12
9.4,13.3,19956,scandens,12
9.8,14.1,21040,scandens,12
8.6,12.5,21041,scandens,12
10.6,13.7,21045,scandens,12
9.0,14.6,21047,scandens,12
9.5,14.1,21053,scandens,12
8.1,12.9,21057,scandens,12
9.3,13.9,21070,scandens,12
9.6,13.4,21081,scandens,12
8.5,13.0,21092,scandens,12
8.2,12.7,21093,scandens,12
8.0,12.1,21106,scandens,12
9.5,14.0,21109,scandens,12
9.7,14.9,21111,scandens,12
9.9,13.9,21113,scandens,12
9.1,12.9,21131,scandens,12
9.5,14.6,21135,scandens,12
9.8,14.0,21136,scandens,12
8.4,13.0,21159,scandens,12
8.3,12.7,21167,scandens,12
9.6,14.0,21176,scandens,12
9.4,14.1,21248,scandens,12
10.0,14.1,21253,scandens,12
8.9,13.0,21255,scandens,12
9.1,13.5,21256,scandens,12
9.8,13.4,21257,scandens,12
9.3,13.9,21260,scandens,12
9.9,13.1,21263,scandens,12
8.9,12.9,21267,scandens,12
8.5,14.0,21268,scandens,12
10.6,14.0,21270,scandens,12
9.3,14.1,21271,scandens,12
8.9,14.7,21278,scandens,12
8.9,13.4,21279,scandens,12
9.7,13.8,21280,scandens,12
9.8,13.4,21281,scandens,12
10.5,13.8,21285,scandens,12
8.4,12.4,21286,scandens,12
10.0,14.1,21288,scandens,12
9.0,12.9,21289,scandens,12
8.7,13.9,21290,scandens,12
8.8,14.3,21291,scandens,12
8.4,13.2,21292,scandens,12
9.3,14.2,21295,scandens,12
9.8,13.0,21297,scandens,12
8.9,14.6,21340,scandens,12
9.8,13.1,21342,scandens,12
9.1,15.2,21347,scandens,12
